Type    ,PID       ,Description                        ,50FA      ,300M      
Scalar  ,KVEFF_1   ,fuel ve cid multiplier             ,30723.00  ,35641.00  
Scalar  ,NLM_CL    ,rev limit                          ,5000.00   ,5500.00   
Scalar  ,SPLCLP    ,spark min allowed                  ,5.00      ,0.00      
Scalar  ,DRBASE    ,Idle drive                         ,600       ,624       
Scalar  ,NUBASE    ,Idle neutral                       ,600       ,664       
Scalar  ,ALOSL     ,Fuel - Injector Low Slope          ,19.6555   ,24.1925   
Function,FN331A    ,fuel accel enrichment vs tprel     ,
        ,         ,                                  ,50FA      ,         ,300M      
        ,         ,                                  ,1023.98   ,1.102     ,***       ,1.000     
        ,         ,                                  ,450.00    ,1.102     ,***       ,1.000     
        ,         ,                                  ,180.00    ,1.750     ,***       ,***       
        ,         ,                                  ,40.00     ,1.250     ,25.00     ,1.500     
        ,         ,                                  ,0.00      ,1.000     ,***       ,***       

Function,FN300     ,fuel act multiplier                ,
        ,         ,                                  ,50FA      ,         ,300M      
        ,         ,                                  ,254.00    ,1.000     ,***       ,1.094     
        ,         ,                                  ,-256.00   ,1.000     ,200.00    ,1.047     
        ,         ,                                  ,-256.00   ,1.000     ,180.00    ,***       
        ,         ,                                  ,-256.00   ,1.000     ,***       ,***       
        ,         ,                                  ,-256.00   ,1.000     ,***       ,***       

Function,FN348     ,fuel crank pw vs ect               ,
        ,         ,                                  ,50FA      ,         ,300M      
        ,         ,                                  ,65534.00  ,21.988    ,***       ,33.997    
        ,         ,                                  ,160.00    ,21.988    ,254.00    ,33.997    
        ,         ,                                  ,120.00    ,22.003    ,236.00    ,31.998    
        ,         ,                                  ,100.00    ,39.993    ,224.00    ,31.998    
        ,         ,                                  ,80.00     ,52.002    ,216.00    ,29.999    
        ,         ,                                  ,40.00     ,100.006   ,200.00    ,28.000    
        ,         ,                                  ,20.00     ,132.004   ,180.00    ,28.000    
        ,         ,                                  ,-40.00    ,240.005   ,120.00    ,59.998    
        ,         ,                                  ,-65536.00 ,240.005   ,70.00     ,139.999   
        ,         ,                                  ,-65536.00 ,240.005   ,40.00     ,207.993   
        ,         ,                                  ,-65536.00 ,240.005   ,10.00     ,335.999   
        ,         ,                                  ,-65536.00 ,240.005   ,-20.00    ,479.996   
        ,         ,                                  ,-65536.00 ,240.005   ,***       ,479.996   

Function,FN325     ,fuel ect multiplier                ,
        ,         ,                                  ,50FA      ,         ,300M      
        ,         ,                                  ,254.00    ,1.000     ,***       ,***       
        ,         ,                                  ,100.00    ,1.000     ,36.00     ,***       
        ,         ,                                  ,60.00     ,1.047     ,-40.00    ,1.203     
        ,         ,                                  ,20.00     ,1.125     ,-256.00   ,1.203     
        ,         ,                                  ,-256.00   ,1.125     ,***       ,1.203     

Function,FN367     ,fuel injector offset vs volts      ,
        ,         ,                                  ,50FA      ,         ,300M      
        ,         ,                                  ,15.94     ,1.219     ,***       ,1.156     
        ,         ,                                  ,15.00     ,1.219     ,14.00     ,1.156     
        ,         ,                                  ,13.00     ,1.281     ,***       ,1.250     
        ,         ,                                  ,12.00     ,1.281     ,***       ,***       
        ,         ,                                  ,10.00     ,2.563     ,***       ,1.594     
        ,         ,                                  ,8.00      ,3.906     ,***       ,2.594     
        ,         ,                                  ,6.00      ,7.969     ,***       ,4.000     
        ,         ,                                  ,0.00      ,7.969     ,***       ,4.813     
        ,         ,                                  ,0.00      ,7.969     ,***       ,4.813     

Function,FN303     ,fuel wot multiplier                ,
        ,         ,                                  ,50FA      ,         ,300M      
        ,         ,                                  ,16383.75  ,0.906     ,***       ,0.922     
        ,         ,                                  ,4000.00   ,0.906     ,5000.00   ,0.922     
        ,         ,                                  ,3500.00   ,0.891     ,4200.00   ,0.930     
        ,         ,                                  ,3000.00   ,0.922     ,4000.00   ,0.938     
        ,         ,                                  ,2500.00   ,0.898     ,0.00      ,0.938     
        ,         ,                                  ,0.00      ,0.898     ,***       ,0.938     
        ,         ,                                  ,0.00      ,0.898     ,***       ,0.938     
        ,         ,                                  ,0.00      ,0.898     ,***       ,0.938     
        ,         ,                                  ,0.00      ,0.898     ,***       ,0.938     

Function,FN875D    ,isc idle air drive                 ,
        ,         ,                                  ,50FA      ,         ,300M      
        ,         ,                                  ,4080.00   ,1.367     ,***       ,1.992     
        ,         ,                                  ,752.00    ,1.367     ,1008.00   ,1.992     
        ,         ,                                  ,704.00    ,1.242     ,800.00    ,1.297     
        ,         ,                                  ,592.00    ,1.023     ,704.00    ,1.000     
        ,         ,                                  ,496.00    ,0.820     ,608.00    ,0.898     
        ,         ,                                  ,0.00      ,0.000     ,***       ,***       

Function,FN153     ,spark adder for wot fuel           ,
        ,         ,                                  ,50FA      ,         ,300M      
        ,         ,                                  ,16383.75  ,2.000     ,***       ,***       
        ,         ,                                  ,4000.00   ,2.000     ,2000.00   ,***       
        ,         ,                                  ,3500.00   ,4.000     ,0.00      ,0.000     
        ,         ,                                  ,3000.00   ,4.000     ,0.00      ,0.000     
        ,         ,                                  ,2500.00   ,2.000     ,0.00      ,0.000     
        ,         ,                                  ,0.00      ,0.000     ,***       ,***       
        ,         ,                                  ,0.00      ,0.000     ,***       ,***       

Function,FN146A    ,spark advance rate vs rpm          ,
        ,         ,                                  ,50FA      ,         ,300M      
        ,         ,                                  ,16383.75  ,1.000     ,***       ,0.500     
        ,         ,                                  ,0.00      ,1.000     ,***       ,0.500     
        ,         ,                                  ,0.00      ,1.000     ,***       ,0.500     
        ,         ,                                  ,0.00      ,1.000     ,***       ,0.500     
        ,         ,                                  ,0.00      ,1.000     ,***       ,0.500     
        ,         ,                                  ,0.00      ,1.000     ,***       ,0.500     

Function,FN143     ,spark retard vs rpm                ,
        ,         ,                                  ,50FA      ,         ,300M      
        ,         ,                                  ,16383.75  ,2.988     ,***       ,3.984     
        ,         ,                                  ,0.00      ,2.988     ,***       ,3.984     
        ,         ,                                  ,0.00      ,2.988     ,***       ,3.984     
        ,         ,                                  ,0.00      ,2.988     ,***       ,3.984     
        ,         ,                                  ,0.00      ,2.988     ,***       ,3.984     
        ,         ,                                  ,0.00      ,2.988     ,***       ,3.984     

Function,FN725A    ,spark table act retard             ,
        ,         ,                                  ,50FA      ,         ,300M      
        ,         ,                                  ,65534.00  ,64.000    ,***       ,0.000     
        ,         ,                                  ,220.00    ,64.000    ,-65536.00 ,0.000     
        ,         ,                                  ,180.00    ,32.000    ,-65536.00 ,0.000     
        ,         ,                                  ,140.00    ,32.000    ,-65536.00 ,0.000     
        ,         ,                                  ,100.00    ,0.000     ,-65536.00 ,***       
        ,         ,                                  ,-65536.00 ,0.000     ,***       ,***       
        ,         ,                                  ,-65536.00 ,0.000     ,***       ,***       
        ,         ,                                  ,-65536.00 ,0.000     ,***       ,***       
        ,         ,                                  ,-65536.00 ,0.000     ,***       ,***       
        ,         ,                                  ,-65536.00 ,0.000     ,***       ,***       

Function,FN724A    ,spark table ect retard             ,
        ,         ,                                  ,50FA      ,         ,300M      
        ,         ,                                  ,65534.00  ,48.000    ,***       ,0.000     
        ,         ,                                  ,254.00    ,48.000    ,-65536.00 ,0.000     
        ,         ,                                  ,216.00    ,32.000    ,-65536.00 ,0.000     
        ,         ,                                  ,160.00    ,0.000     ,-65536.00 ,***       
        ,         ,                                  ,-65536.00 ,0.000     ,***       ,***       
        ,         ,                                  ,-65536.00 ,0.000     ,***       ,***       
        ,         ,                                  ,-65536.00 ,0.000     ,***       ,***       
        ,         ,                                  ,-65536.00 ,0.000     ,***       ,***       
        ,         ,                                  ,-65536.00 ,0.000     ,***       ,***       
        ,         ,                                  ,-65536.00 ,0.000     ,***       ,***       
        ,         ,                                  ,-65536.00 ,0.000     ,***       ,***       

Function,FN070C    ,x fuel cold ect                    ,
        ,         ,                                  ,50FA      ,         ,300M      
        ,         ,                                  ,8191.75   ,9.000     ,***       ,***       
        ,         ,                                  ,3520.00   ,9.000     ,3680.00   ,***       
        ,         ,                                  ,2560.00   ,7.000     ,1760.00   ,5.000     
        ,         ,                                  ,2240.00   ,6.000     ,800.00    ,2.000     
        ,         ,                                  ,1760.00   ,5.000     ,320.00    ,1.000     
        ,         ,                                  ,800.00    ,2.000     ,-320.00   ,0.000     
        ,         ,                                  ,320.00    ,1.000     ,-8192.00  ,0.000     
        ,         ,                                  ,-320.00   ,0.000     ,-8192.00  ,***       
        ,         ,                                  ,-8192.00  ,0.000     ,***       ,***       
        ,         ,                                  ,-8192.00  ,0.000     ,***       ,***       

Function,FN023     ,x fuel cranking pw ect             ,
        ,         ,                                  ,50FA      ,         ,300M      
        ,         ,                                  ,32767.00  ,4.000     ,***       ,***       
        ,         ,                                  ,110.00    ,4.000     ,***       ,***       
        ,         ,                                  ,-10.00    ,0.000     ,85.00     ,3.000     
        ,         ,                                  ,-32768.00 ,0.000     ,60.00     ,1.000     
        ,         ,                                  ,-32768.00 ,0.000     ,-10.00    ,***       
        ,         ,                                  ,-32768.00 ,0.000     ,***       ,***       

Function,FN070B    ,x fuel spark rpm                   ,
        ,         ,                                  ,50FA      ,         ,300M      
        ,         ,                                  ,16383.75  ,9.000     ,***       ,***       
        ,         ,                                  ,4500.00   ,9.000     ,5000.00   ,***       
        ,         ,                                  ,1000.00   ,2.000     ,***       ,1.000     
        ,         ,                                  ,500.00    ,0.000     ,600.00    ,***       
        ,         ,                                  ,0.00      ,0.000     ,***       ,***       
        ,         ,                                  ,0.00      ,0.000     ,***       ,***       
        ,         ,                                  ,0.00      ,0.000     ,***       ,***       

Function,FN070     ,x fuel ve table rpm                ,
        ,         ,                                  ,50FA      ,         ,300M      
        ,         ,                                  ,16383.75  ,11.000    ,***       ,***       
        ,         ,                                  ,4500.00   ,11.000    ,5000.00   ,***       
        ,         ,                                  ,1500.00   ,5.000     ,1000.00   ,3.000     
        ,         ,                                  ,500.00    ,1.000     ,***       ,***       
        ,         ,                                  ,400.00    ,0.000     ,***       ,***       
        ,         ,                                  ,0.00      ,0.000     ,***       ,***       
        ,         ,                                  ,0.00      ,0.000     ,***       ,***       
        ,         ,                                  ,0.00      ,0.000     ,***       ,***       

Function,FN020     ,y fuel startup enrichment cold map ,
        ,         ,                                  ,50FA      ,         ,300M      
        ,         ,                                  ,65535.00  ,7.000     ,***       ,***       
        ,         ,                                  ,180.00    ,7.000     ,***       ,***       
        ,         ,                                  ,60.00     ,5.000     ,***       ,***       
        ,         ,                                  ,40.00     ,4.000     ,***       ,***       
        ,         ,                                  ,15.00     ,3.000     ,***       ,***       
        ,         ,                                  ,3.00      ,0.000     ,7.00      ,1.000     
        ,         ,                                  ,0.00      ,0.000     ,***       ,***       

Function,FN021     ,y fuel ve table load               ,
        ,         ,                                  ,50FA      ,         ,300M      
        ,         ,                                  ,511.99    ,7.000     ,***       ,***       
        ,         ,                                  ,0.90      ,7.000     ,***       ,***       
        ,         ,                                  ,0.20      ,0.000     ,0.60      ,4.000     
        ,         ,                                  ,0.00      ,0.000     ,0.30      ,1.000     
        ,         ,                                  ,0.00      ,0.000     ,0.20      ,***       
        ,         ,                                  ,0.00      ,0.000     ,***       ,***       
        ,         ,                                  ,0.00      ,0.000     ,***       ,***       
        ,         ,                                  ,0.00      ,0.000     ,***       ,***       

Function,FN018B    ,y isc isctmr                       ,
        ,         ,                                  ,50FA      ,         ,300M      
        ,         ,                                  ,65535.00  ,5.000     ,***       ,***       
        ,         ,                                  ,50.00     ,5.000     ,25.00     ,***       
        ,         ,                                  ,0.00      ,0.000     ,***       ,***       
        ,         ,                                  ,0.00      ,0.000     ,***       ,***       
        ,         ,                                  ,0.00      ,0.000     ,***       ,***       

Function,FN800     ,Idle - ISC Transfer                ,
        ,         ,                                  ,50FA      ,         ,300M      
        ,         ,                                  ,16.00     ,1.00      ,***       ,***       
        ,         ,                                  ,2.58      ,1.00      ,1.68      ,***       
        ,         ,                                  ,1.59      ,0.70      ,1.60      ,0.83      
        ,         ,                                  ,1.20      ,0.60      ,1.40      ,0.73      
        ,         ,                                  ,0.79      ,0.50      ,0.90      ,0.51      
        ,         ,                                  ,0.43      ,0.40      ,0.50      ,0.40      
        ,         ,                                  ,0.22      ,0.30      ,0.30      ,0.36      
        ,         ,                                  ,0.05      ,0.20      ,0.20      ,0.32      
        ,         ,                                  ,0.02      ,0.10      ,0.10      ,0.26      
        ,         ,                                  ,0.00      ,0.10      ,***       ,0.13      

Function,FN884     ,Idle - ISC Crank Duty Cycle        ,
        ,         ,                                  ,50FA      ,         ,300M      
        ,         ,                                  ,-2        ,0.99      ,***       ,***       
        ,         ,                                  ,20        ,0.43      ,204       ,0.30      
        ,         ,                                  ,40        ,0.00      ,140       ,***       
        ,         ,                                  ,20        ,0.43      ,204       ,0.30      
        ,         ,                                  ,-40       ,1.99      ,100       ,0.00      
        ,         ,                                  ,0         ,1.00      ,102       ,0.40      

Function,FN820B    ,Idle - ISC Duty Cycle Mult vs Load ,
        ,         ,                                  ,50FA      ,         ,300M      
        ,         ,                                  ,100.78    ,256.000   ,***       ,256.500   
        ,         ,                                  ,100.00    ,256.000   ,139.94    ,358.000   
        ,         ,                                  ,100.00    ,256.000   ,139.84    ,358.000   
        ,         ,                                  ,100.00    ,281.602   ,***       ,192.000   
        ,         ,                                  ,2.44      ,281.602   ,3.05      ,153.602   
        ,         ,                                  ,0.61      ,153.602   ,1.83      ,128.000   

Function,FN875N    ,Idle - ISC Netural Idle Air        ,
        ,         ,                                  ,50FA      ,         ,300M      
        ,         ,                                  ,4080      ,1.99      ,***       ,***       
        ,         ,                                  ,1200      ,1.72      ,1008      ,1.99      
        ,         ,                                  ,800       ,1.12      ,***       ,1.30      
        ,         ,                                  ,592       ,0.88      ,704       ,1.00      
        ,         ,                                  ,496       ,0.80      ,608       ,0.90      
        ,         ,                                  ,0         ,0.00      ,***       ,***       

Table   ,FN1350    ,fuel cranking pw multiplier        ,
        ,         ,                                  ,50FA
        ,         ,                                  ,1         ,1         ,0.5625    ,0.5       ,0.5       
        ,         ,                                  ,1         ,1         ,0.453125  ,0.40625   ,0.40625   
        ,         ,                                  ,1         ,0.75      ,0.34375   ,0.34375   ,0.34375   
        ,         ,                                  ,1         ,0.703125  ,0.296875  ,0.296875  ,0.296875  
        ,         ,                                  ,1         ,0.65625   ,0.296875  ,0.296875  ,0.296875  
        ,         ,                                  ,
        ,         ,                                  ,300M
        ,         ,                                  ,***       ,***       ,***       ,***       ,***       
        ,         ,                                  ,***       ,***       ,***       ,***       ,***       
        ,         ,                                  ,1.09      ,***       ,***       ,***       ,***       
        ,         ,                                  ,1.55      ,0.72      ,***       ,***       ,***       
        ,         ,                                  ,1.55      ,0.70      ,***       ,***       ,***       
        ,         ,                                  ,
Table   ,FN1360    ,fuel table base                    ,
        ,         ,                                  ,50FA
        ,         ,                                  ,14.6400003433228,14.6400003433228,14.6400003433228,14.6400003433228,14.6400003433228,14.6400003433228,14.6400003433228,14.6400003433228,14.6400003433228,14.6400003433228
        ,         ,                                  ,13.0387503057718,13.3818753138185,13.6106253191829,13.6106253191829,13.6106253191829,13.6106253191829,13.6106253191829,13.6106253191829,13.6106253191829,13.6106253191829
        ,         ,                                  ,12.8100003004074,12.8100003004074,12.8100003004074,12.8100003004074,12.8100003004074,12.8100003004074,12.8100003004074,12.8100003004074,12.8100003004074,12.8100003004074
        ,         ,                                  ,12.6956252977252,12.8100003004074,12.8100003004074,12.8100003004074,12.8100003004074,12.8100003004074,12.8100003004074,12.8100003004074,12.8100003004074,12.8100003004074
        ,         ,                                  ,12.4668752923608,12.8100003004074,13.153125308454,13.153125308454,13.153125308454,13.153125308454,13.153125308454,13.153125308454,13.153125308454,13.153125308454
        ,         ,                                  ,12.1237502843142,12.581250295043,12.9243753030896,13.0387503057718,13.153125308454,13.2675003111362,13.4962503165007,13.4962503165007,13.4962503165007,13.4962503165007
        ,         ,                                  ,12.0093752816319,12.4668752923608,12.6956252977252,12.9243753030896,13.0387503057718,13.153125308454,13.2675003111362,13.2675003111362,13.2675003111362,13.2675003111362
        ,         ,                                  ,11.8950002789497,12.3525002896786,12.581250295043,12.6956252977252,12.8100003004074,12.9243753030896,13.153125308454,13.153125308454,13.153125308454,13.153125308454
        ,         ,                                  ,
        ,         ,                                  ,300M
        ,         ,                                  ,13.15     ,13.50     ,13.84     ,13.95     ,13.95     ,13.95     ,13.95     ,13.95     ,13.95     ,13.95     
        ,         ,                                  ,***       ,***       ,13.50     ,***       ,13.73     ,13.73     ,13.73     ,13.95     ,14.30     ,14.30     
        ,         ,                                  ,12.92     ,13.27     ,13.27     ,13.38     ,13.50     ,13.50     ,13.73     ,13.95     ,13.95     ,14.07     
        ,         ,                                  ,***       ,13.04     ,13.15     ,13.27     ,13.50     ,13.61     ,13.50     ,13.50     ,13.50     ,13.50     
        ,         ,                                  ,***       ,***       ,13.04     ,***       ,13.27     ,13.50     ,***       ,13.50     ,13.50     ,13.50     
        ,         ,                                  ,***       ,***       ,12.70     ,12.92     ,13.04     ,13.15     ,13.27     ,13.27     ,***       ,***       
        ,         ,                                  ,***       ,***       ,12.58     ,12.70     ,12.92     ,13.04     ,***       ,13.15     ,13.15     ,13.15     
        ,         ,                                  ,***       ,***       ,12.47     ,12.58     ,12.70     ,***       ,13.27     ,***       ,***       ,***       
        ,         ,                                  ,
Table   ,FN1328    ,fuel table base mpg                ,
        ,         ,                                  ,50FA
        ,         ,                                  ,13.153125308454,13.4962503165007,13.8393753245473,13.9537503272295,14.1825003325939,14.2968753352761,14.4112503379583,14.5256253406405,14.6400003433228,14.6400003433228
        ,         ,                                  ,13.0387503057718,13.3818753138185,13.7250003218651,13.8393753245473,13.9537503272295,14.1825003325939,14.2968753352761,14.5256253406405,14.6400003433228,14.6400003433228
        ,         ,                                  ,12.9243753030896,13.2675003111362,13.4962503165007,13.6106253191829,13.7250003218651,13.9537503272295,14.1825003325939,14.2968753352761,14.5256253406405,14.5256253406405
        ,         ,                                  ,12.6956252977252,13.0387503057718,13.2675003111362,13.4962503165007,13.6106253191829,13.7250003218651,13.9537503272295,14.1825003325939,14.2968753352761,14.2968753352761
        ,         ,                                  ,12.4668752923608,12.8100003004074,13.153125308454,13.2675003111362,13.3818753138185,13.4962503165007,13.7250003218651,13.9537503272295,14.1825003325939,14.1825003325939
        ,         ,                                  ,12.1237502843142,12.581250295043,12.9243753030896,13.0387503057718,13.153125308454,13.2675003111362,13.4962503165007,13.7250003218651,13.9537503272295,13.9537503272295
        ,         ,                                  ,12.0093752816319,12.4668752923608,12.6956252977252,12.9243753030896,13.0387503057718,13.153125308454,13.2675003111362,13.4962503165007,13.7250003218651,13.7250003218651
        ,         ,                                  ,11.8950002789497,12.3525002896786,12.581250295043,12.6956252977252,12.8100003004074,12.9243753030896,13.153125308454,13.2675003111362,13.2675003111362,13.2675003111362
        ,         ,                                  ,
        ,         ,                                  ,300M
        ,         ,                                  ,13.95     ,13.95     ,13.95     ,***       ,13.95     ,13.95     ,13.95     ,13.95     ,13.95     ,13.95     
        ,         ,                                  ,13.95     ,13.95     ,13.95     ,13.95     ,***       ,13.95     ,14.07     ,14.30     ,14.30     ,14.30     
        ,         ,                                  ,13.95     ,13.95     ,13.95     ,13.95     ,13.95     ,***       ,14.07     ,14.53     ,***       ,***       
        ,         ,                                  ,13.95     ,13.95     ,13.95     ,13.95     ,13.95     ,13.95     ,14.18     ,14.53     ,14.53     ,14.53     
        ,         ,                                  ,13.95     ,13.95     ,13.95     ,13.95     ,13.95     ,13.95     ,14.18     ,14.30     ,14.30     ,14.30     
        ,         ,                                  ,13.95     ,13.95     ,13.95     ,13.95     ,13.95     ,13.95     ,13.95     ,14.18     ,14.07     ,14.07     
        ,         ,                                  ,13.95     ,13.95     ,13.95     ,13.95     ,13.95     ,13.50     ,13.50     ,13.73     ,***       ,***       
        ,         ,                                  ,13.95     ,13.95     ,13.95     ,13.95     ,13.95     ,13.50     ,13.50     ,13.61     ,13.61     ,13.61     
        ,         ,                                  ,
Table   ,FN1306    ,fuel table cold startup enrichment ,
        ,         ,                                  ,50FA
        ,         ,                                  ,5.83312513679266,5.37562512606382,5.0325001180172,4.68937510997057,4.00312509387732,3.31687507778406,2.5162500590086,1.83000004291534,0.800625018775463,0.800625018775463
        ,         ,                                  ,4.23187509924173,3.88875009119511,3.43125008046627,2.97375006973743,2.28750005364418,1.94437504559755,0.915000021457672,0.800625018775463,0.457500010728836,0.457500010728836
        ,         ,                                  ,3.66000008583069,3.31687507778406,2.63062506169081,2.28750005364418,1.83000004291534,1.2581250295043,0.686250016093254,0.457500010728836,0         ,0         
        ,         ,                                  ,2.74500006437302,2.40187505632639,1.94437504559755,1.71562504023314,1.2581250295043,0.915000021457672,0.571875013411045,0.343125008046627,0         ,0         
        ,         ,                                  ,2.05875004827976,1.83000004291534,1.60125003755093,1.2581250295043,0.915000021457672,0.686250016093254,0.343125008046627,0         ,0         ,0         
        ,         ,                                  ,1.37250003218651,1.2581250295043,0.915000021457672,0.800625018775463,0.686250016093254,0.571875013411045,0.228750005364418,0         ,0         ,0         
        ,         ,                                  ,0.800625018775463,0.800625018775463,0.686250016093254,0.571875013411045,0.571875013411045,0.228750005364418,0         ,0         ,0         ,0         
        ,         ,                                  ,0.571875013411045,0.457500010728836,0.343125008046627,0.343125008046627,0.114375002682209,0         ,0         ,0         ,0         ,0         
        ,         ,                                  ,
        ,         ,                                  ,300M
        ,         ,                                  ,5.60      ,5.60      ,5.26      ,***       ,3.20      ,2.75      ,2.06      ,1.49      ,0.92      ,0.92      
        ,         ,                                  ,5.26      ,5.03      ,4.35      ,3.55      ,***       ,2.06      ,1.14      ,0.69      ,0.57      ,***       
        ,         ,                                  ,4.69      ,4.35      ,3.32      ,2.06      ,1.37      ,0.92      ,***       ,***       ,0.34      ,0.34      
        ,         ,                                  ,4.35      ,3.66      ,3.09      ,1.49      ,0.92      ,0.69      ,0.34      ,0.00      ,***       ,***       
        ,         ,                                  ,3.55      ,2.97      ,2.63      ,1.14      ,0.69      ,0.46      ,0.00      ,***       ,***       ,***       
        ,         ,                                  ,2.63      ,2.17      ,1.49      ,0.92      ,0.57      ,0.00      ,0.00      ,***       ,***       ,***       
        ,         ,                                  ,1.94      ,1.49      ,0.92      ,0.34      ,0.00      ,0.00      ,***       ,***       ,***       ,***       
        ,         ,                                  ,1.49      ,1.03      ,0.57      ,0.00      ,0.00      ,***       ,***       ,***       ,***       ,***       
        ,         ,                                  ,
Table   ,FN1320    ,fuel ve table                      ,
        ,         ,                                  ,50FA
        ,         ,                                  ,1.96875   ,1.96875   ,1.96875   ,2         ,2.046875  ,2.078125  ,2.203125  ,2.359375  ,2.578125  ,2.78125   ,2.875     ,2.84375   
        ,         ,                                  ,1.96875   ,1.96875   ,2.046875  ,2.203125  ,2.40625   ,2.4375    ,2.578125  ,2.828125  ,3.109375  ,3.1875    ,3.15625   ,3         
        ,         ,                                  ,2         ,2         ,2.109375  ,2.359375  ,2.640625  ,2.59375   ,2.71875   ,2.984375  ,3.28125   ,3.40625   ,3.375     ,3.15625   
        ,         ,                                  ,2.078125  ,2.109375  ,2.234375  ,2.515625  ,2.765625  ,2.84375   ,2.953125  ,3.15625   ,3.390625  ,3.546875  ,3.5       ,3.265625  
        ,         ,                                  ,2.359375  ,2.359375  ,2.4375    ,2.59375   ,2.84375   ,2.921875  ,3.046875  ,3.3125    ,3.46875   ,3.65625   ,3.671875  ,3.453125  
        ,         ,                                  ,3         ,3         ,2.875     ,2.6875    ,2.875     ,3.046875  ,3.234375  ,3.40625   ,3.59375   ,3.734375  ,3.796875  ,3.6875    
        ,         ,                                  ,3.40625   ,3.40625   ,3.203125  ,3.046875  ,2.953125  ,3.078125  ,3.359375  ,3.515625  ,3.765625  ,3.875     ,3.875     ,3.796875  
        ,         ,                                  ,3.59375   ,3.59375   ,3.40625   ,3.40625   ,3.046875  ,3.15625   ,3.4375    ,3.59375   ,3.84375   ,3.90625   ,3.9375    ,3.875     
        ,         ,                                  ,
        ,         ,                                  ,300M
        ,         ,                                  ,1.59      ,1.72      ,1.80      ,***       ,2.13      ,2.28      ,2.44      ,2.56      ,2.69      ,2.80      ,***       ,2.80      
        ,         ,                                  ,1.69      ,1.80      ,2.00      ,***       ,2.28      ,***       ,2.56      ,2.72      ,2.80      ,2.92      ,3.00      ,2.95      
        ,         ,                                  ,1.72      ,1.84      ,2.00      ,2.52      ,2.59      ,2.56      ,2.64      ,2.80      ,2.88      ,3.00      ,3.13      ,3.08      
        ,         ,                                  ,1.72      ,1.88      ,2.20      ,2.64      ,2.88      ,2.88      ,2.92      ,3.00      ,3.20      ,3.23      ,3.23      ,3.20      
        ,         ,                                  ,1.95      ,2.13      ,2.23      ,2.64      ,***       ,***       ,***       ,3.36      ,3.56      ,3.56      ,3.48      ,3.41      
        ,         ,                                  ,2.08      ,2.20      ,2.41      ,2.77      ,***       ,2.95      ,3.28      ,3.69      ,3.72      ,3.59      ,3.59      ,3.48      
        ,         ,                                  ,2.20      ,2.41      ,2.48      ,2.84      ,3.00      ,3.20      ,3.28      ,3.69      ,3.72      ,3.59      ,3.59      ,3.59      
        ,         ,                                  ,2.41      ,2.52      ,2.64      ,3.08      ,3.23      ,3.44      ,3.56      ,3.69      ,3.77      ,3.80      ,3.72      ,3.69      
        ,         ,                                  ,
Table   ,FN1861    ,isc base idle air multiplier       ,
        ,         ,                                  ,50FA
        ,         ,                                  ,3         ,3         ,1.75      ,1.375     ,1         ,1         ,1         
        ,         ,                                  ,2.75      ,2         ,1.390625  ,1.1875    ,1         ,1         ,1         
        ,         ,                                  ,2.5       ,1.703125  ,1.359375  ,1.1875    ,1         ,1         ,1         
        ,         ,                                  ,2         ,1.625     ,1.34375   ,1.0625    ,1         ,1         ,1         
        ,         ,                                  ,2         ,1.625     ,1.34375   ,1.0625    ,1         ,1         ,1         
        ,         ,                                  ,2         ,1.625     ,1.25      ,1         ,1         ,1         ,1         
        ,         ,                                  ,
        ,         ,                                  ,300M
        ,         ,                                  ,***       ,***       ,3.00      ,2.50      ,1.34      ,1.34      ,1.70      
        ,         ,                                  ,2.80      ,2.50      ,2.50      ,2.20      ,1.08      ,1.09      ,1.25      
        ,         ,                                  ,2.59      ,2.25      ,2.00      ,1.59      ,***       ,***       ,1.09      
        ,         ,                                  ,2.41      ,2.16      ,1.50      ,1.30      ,***       ,***       ,***       
        ,         ,                                  ,2.20      ,1.91      ,***       ,1.20      ,***       ,***       ,***       
        ,         ,                                  ,***       ,1.75      ,***       ,1.09      ,***       ,***       ,***       
        ,         ,                                  ,
Table   ,Unsure11  ,spark adder temp and tip-in        ,
        ,         ,                                  ,50FA
        ,         ,                                  ,0         ,0         ,0         ,0         ,0         ,0         ,0         ,0         ,0         ,0         
        ,         ,                                  ,0         ,0         ,0         ,0         ,0         ,0         ,0         ,0         ,0         ,0         
        ,         ,                                  ,0         ,0         ,0         ,0         ,0         ,0         ,0         ,0         ,0         ,0         
        ,         ,                                  ,0         ,0         ,0         ,0         ,0         ,0         ,0         ,0         ,0         ,0         
        ,         ,                                  ,0         ,0         ,0         ,0         ,0         ,0         ,0         ,0         ,0         ,0         
        ,         ,                                  ,0         ,0         ,0         ,0         ,0         ,0         ,0         ,0         ,0         ,0         
        ,         ,                                  ,0         ,0         ,0         ,0         ,0         ,0         ,0         ,0         ,0         ,0         
        ,         ,                                  ,0         ,0         ,0         ,0         ,0         ,0         ,0         ,0         ,0         ,0         
        ,         ,                                  ,
        ,         ,                                  ,300M
        ,         ,                                  ,5.00      ,5.00      ,5.00      ,5.00      ,***       ,***       ,***       ,***       ,***       ,***       
        ,         ,                                  ,5.00      ,5.00      ,5.00      ,5.00      ,***       ,***       ,***       ,***       ,***       ,***       
        ,         ,                                  ,5.00      ,5.00      ,5.00      ,5.00      ,***       ,***       ,***       ,***       ,***       ,***       
        ,         ,                                  ,***       ,***       ,***       ,***       ,***       ,***       ,***       ,***       ,***       ,***       
        ,         ,                                  ,***       ,***       ,***       ,***       ,***       ,***       ,***       ,***       ,***       ,***       
        ,         ,                                  ,***       ,***       ,***       ,***       ,***       ,***       ,***       ,***       ,***       ,***       
        ,         ,                                  ,***       ,***       ,***       ,***       ,***       ,***       ,***       ,***       ,***       ,***       
        ,         ,                                  ,***       ,***       ,***       ,***       ,***       ,***       ,***       ,***       ,***       ,***       
        ,         ,                                  ,
Table   ,FN2225    ,spark reduction for octane         ,
        ,         ,                                  ,50FA
        ,         ,                                  ,0         ,0         ,0         ,0         ,0         ,0         ,0         ,0         ,0         ,0         
        ,         ,                                  ,0         ,0         ,0         ,0         ,0         ,0         ,0         ,0         ,0         ,0         
        ,         ,                                  ,0         ,0         ,0         ,0         ,0         ,0         ,0         ,0         ,0         ,0         
        ,         ,                                  ,0         ,0         ,0         ,0         ,0         ,0         ,0         ,0         ,1.5       ,0         
        ,         ,                                  ,0         ,0         ,0         ,0         ,0         ,0         ,0         ,0         ,3         ,2         
        ,         ,                                  ,0         ,0         ,0         ,0         ,0         ,0         ,0         ,1         ,4         ,3         
        ,         ,                                  ,0         ,0         ,0         ,1         ,0         ,1         ,2         ,2         ,5         ,4         
        ,         ,                                  ,1         ,1         ,1         ,1.5       ,1         ,3         ,4         ,3         ,5         ,5         
        ,         ,                                  ,
        ,         ,                                  ,300M
        ,         ,                                  ,***       ,***       ,***       ,***       ,***       ,***       ,***       ,***       ,***       ,***       
        ,         ,                                  ,***       ,***       ,***       ,***       ,***       ,***       ,***       ,***       ,***       ,***       
        ,         ,                                  ,***       ,***       ,***       ,***       ,***       ,***       ,***       ,***       ,***       ,***       
        ,         ,                                  ,***       ,***       ,***       ,***       ,***       ,***       ,***       ,***       ,0.00      ,***       
        ,         ,                                  ,***       ,***       ,***       ,***       ,***       ,***       ,***       ,***       ,0.00      ,0.00      
        ,         ,                                  ,***       ,***       ,***       ,***       ,***       ,***       ,***       ,0.00      ,0.00      ,0.00      
        ,         ,                                  ,***       ,***       ,***       ,0.00      ,***       ,0.00      ,0.00      ,0.00      ,0.00      ,0.00      
        ,         ,                                  ,0.00      ,0.00      ,0.00      ,0.00      ,0.00      ,0.00      ,0.00      ,0.00      ,0.00      ,0.00      
        ,         ,                                  ,
Table   ,FN2100    ,spark table base                   ,
        ,         ,                                  ,50FA
        ,         ,                                  ,10        ,10        ,10        ,10        ,10        ,15        ,25        ,37        ,41.5      ,42        
        ,         ,                                  ,10        ,10        ,10        ,16        ,19        ,25        ,28.5      ,30.5      ,28.5      ,33.5      
        ,         ,                                  ,10        ,10        ,10        ,27        ,28        ,32.5      ,27.5      ,30        ,30        ,31.5      
        ,         ,                                  ,10        ,10        ,25        ,26        ,25        ,27        ,26.5      ,26        ,27        ,29        
        ,         ,                                  ,10        ,18        ,20        ,22        ,24        ,26        ,27.5      ,26        ,28        ,31        
        ,         ,                                  ,16        ,16        ,18        ,20        ,23        ,26.5      ,24        ,23.5      ,24        ,27        
        ,         ,                                  ,16        ,17        ,19        ,21        ,23        ,24.5      ,21.5      ,24        ,25        ,25        
        ,         ,                                  ,14        ,15        ,16        ,17        ,21        ,21        ,20        ,20        ,21        ,23        
        ,         ,                                  ,
        ,         ,                                  ,300M
        ,         ,                                  ,6.00      ,6.00      ,12.00     ,16.00     ,22.00     ,24.00     ,26.00     ,26.00     ,26.00     ,26.00     
        ,         ,                                  ,6.00      ,6.00      ,12.00     ,18.00     ,24.00     ,28.00     ,30.00     ,30.00     ,30.00     ,30.00     
        ,         ,                                  ,6.00      ,6.00      ,14.00     ,22.00     ,***       ,30.00     ,30.00     ,***       ,32.00     ,32.00     
        ,         ,                                  ,8.00      ,8.00      ,15.00     ,24.00     ,28.00     ,30.00     ,30.00     ,30.00     ,31.00     ,32.00     
        ,         ,                                  ,***       ,10.00     ,16.00     ,24.00     ,28.00     ,28.00     ,28.00     ,29.00     ,30.00     ,30.00     
        ,         ,                                  ,12.00     ,13.00     ,***       ,26.00     ,27.00     ,28.00     ,27.00     ,28.00     ,29.00     ,28.00     
        ,         ,                                  ,12.00     ,14.00     ,***       ,24.00     ,25.50     ,26.00     ,26.00     ,26.00     ,26.00     ,26.00     
        ,         ,                                  ,12.00     ,14.00     ,20.00     ,23.00     ,24.00     ,25.00     ,25.00     ,26.00     ,26.00     ,26.00     
        ,         ,                                  ,
Table   ,FN1126    ,spark table base mpg               ,
        ,         ,                                  ,50FA
        ,         ,                                  ,28        ,30        ,34        ,37        ,38        ,39        ,39        ,39        ,39        ,39        
        ,         ,                                  ,28        ,30        ,34        ,37        ,38        ,39        ,39        ,39        ,39        ,39        
        ,         ,                                  ,26        ,28.5      ,33        ,35.5      ,36.5      ,37        ,37.5      ,38        ,38.5      ,39        
        ,         ,                                  ,22        ,25        ,30        ,33        ,34        ,35        ,35.5      ,36        ,36.5      ,37        
        ,         ,                                  ,19        ,22        ,26        ,29        ,31        ,32        ,32        ,32        ,32        ,32        
        ,         ,                                  ,14        ,18        ,22        ,26        ,27        ,28        ,29        ,29        ,29        ,29        
        ,         ,                                  ,13        ,16        ,21        ,24        ,25.5      ,26        ,26        ,26.5      ,27        ,28        
        ,         ,                                  ,11        ,14        ,20        ,23        ,24        ,25        ,25        ,25.5      ,26        ,26        
        ,         ,                                  ,
        ,         ,                                  ,300M
        ,         ,                                  ,6.00      ,6.00      ,12.00     ,16.00     ,22.00     ,24.00     ,26.00     ,26.00     ,26.00     ,26.00     
        ,         ,                                  ,6.00      ,6.00      ,12.00     ,18.00     ,24.00     ,26.00     ,28.00     ,29.00     ,30.00     ,30.00     
        ,         ,                                  ,6.00      ,6.00      ,14.00     ,22.00     ,26.00     ,28.00     ,29.00     ,30.00     ,32.00     ,32.00     
        ,         ,                                  ,8.00      ,8.00      ,15.00     ,24.00     ,27.00     ,28.00     ,28.00     ,28.00     ,31.00     ,32.00     
        ,         ,                                  ,10.00     ,10.00     ,16.00     ,24.00     ,27.00     ,27.00     ,27.00     ,27.00     ,29.00     ,30.00     
        ,         ,                                  ,12.00     ,13.00     ,18.00     ,***       ,***       ,26.00     ,26.00     ,26.00     ,27.00     ,27.00     
        ,         ,                                  ,12.00     ,14.00     ,19.00     ,***       ,***       ,***       ,25.00     ,25.00     ,25.00     ,25.00     
        ,         ,                                  ,12.00     ,***       ,***       ,***       ,***       ,***       ,***       ,25.00     ,25.00     ,25.00     
        ,         ,                                  ,
Table   ,FN1133    ,spark table ect vs tp adder        ,
        ,         ,                                  ,50FA
        ,         ,                                  ,0         ,0         ,0         ,0         ,0         ,0         ,0         ,0         ,0         ,0         
        ,         ,                                  ,0         ,0         ,0         ,0         ,0         ,0         ,0         ,0         ,0         ,0         
        ,         ,                                  ,0         ,0         ,0         ,0         ,0         ,0         ,0         ,0         ,0         ,0         
        ,         ,                                  ,0         ,0         ,0         ,0         ,0         ,0         ,0         ,0         ,0         ,0         
        ,         ,                                  ,0         ,0         ,0         ,0         ,0         ,0         ,0         ,0         ,0         ,0         
        ,         ,                                  ,0         ,0         ,0         ,0         ,0         ,0         ,0         ,0         ,0         ,0         
        ,         ,                                  ,0         ,0         ,0         ,0         ,0         ,0         ,0         ,0         ,0         ,0         
        ,         ,                                  ,0         ,0         ,0         ,0         ,0         ,0         ,0         ,0         ,0         ,0         
        ,         ,                                  ,
        ,         ,                                  ,300M
        ,         ,                                  ,***       ,***       ,***       ,***       ,***       ,***       ,***       ,***       ,***       ,***       
        ,         ,                                  ,***       ,***       ,***       ,***       ,***       ,***       ,6.50      ,6.50      ,6.50      ,6.50      
        ,         ,                                  ,***       ,***       ,***       ,***       ,***       ,***       ,12.75     ,12.75     ,12.75     ,12.75     
        ,         ,                                  ,***       ,***       ,***       ,***       ,***       ,***       ,22.50     ,22.50     ,22.50     ,22.50     
        ,         ,                                  ,***       ,***       ,***       ,***       ,***       ,***       ,32.00     ,32.00     ,32.00     ,32.00     
        ,         ,                                  ,***       ,***       ,***       ,***       ,***       ,***       ,32.00     ,32.00     ,32.00     ,32.00     
        ,         ,                                  ,***       ,***       ,***       ,***       ,***       ,***       ,32.00     ,32.00     ,32.00     ,32.00     
        ,         ,                                  ,***       ,***       ,***       ,***       ,***       ,***       ,32.00     ,32.00     ,32.00     ,32.00     
        ,         ,                                  ,
